Dilated_Rate,Kernel Size,Modified Kernel Size,Performance,Stdev
1,5,5,0.79835,0.02912
2,3,5,0.75789,0.03722
1,6,6,0.86151,0.02081
1,7,7,0.82246,0.02396
2,4,7,0.83643,0.0252
3,3,7,0.75379,0.03312
1,9,9,0.83892,0.02234
2,5,9,0.72694,0.0371
4,3,9,0.42581,0.04859
